{
	"info": {
		"_postman_id": "6828daf4-c606-48c4-a785-de7bb3cd19cb",
		"name": "My Requests",
		"schema": "https://schema.getpostman.com/json/collection/v2.1.0/collection.json",
		"_exporter_id": "42564544"
	},
	"item": [
		{
			"name": "Create User",
			"event": [
				{
					"listen": "prerequest",
					"script": {
						"exec": [
							"console.log(pm.environment.get(\"url\"));"
						],
						"type": "text/javascript",
						"packages": {}
					}
				},
				{
					"listen": "test",
					"script": {
						"exec": [
							"pm.test(\"Status code is 200\", function () {\r",
							"    pm.response.to.have.status(200);\r",
							"});"
						],
						"type": "text/javascript",
						"packages": {}
					}
				}
			],
			"request": {
				"auth": {
					"type": "noauth"
				},
				"method": "POST",
				"header": [
					{
						"key": "Content-Type",
						"value": "application/json",
						"type": "text"
					}
				],
				"body": {
					"mode": "raw",
					"raw": "{\r\n  \"id\": 1,\r\n  \"username\": \"Tester1\",\r\n  \"firstName\": \"Name1\",\r\n  \"lastName\": \"sName2\",\r\n  \"email\": \"mail1@mail.com\",\r\n  \"password\": \"111\",\r\n  \"phone\": \"222\",\r\n  \"userStatus\": 1\r\n}",
					"options": {
						"raw": {
							"language": "json"
						}
					}
				},
				"url": {
					"raw": "{{url}}/v2/user",
					"host": [
						"{{url}}"
					],
					"path": [
						"v2",
						"user"
					]
				}
			},
			"response": []
		}
	]
}